DriverID,FirstName,LastName,Email,Phone,Address,City,State,Zipcode
1,Iris,Galea,igalea1@gmail.com,1(267)249-3539,512 Merrick Trail,Philadelphia,PA,19120
2,Mickie,Tschirschky,mtschirschky4@yahoo.com,1(267)705-9682,80 Gerald Parkway,Philadelphia,PA,19146
3,Witty,Phear,wphear9@comcast.net,1(215)430-0591,287 Judy Street,Philadelphia,PA,19172
4,Mel,Lambole,mlamboleb@gmail.com,1(215)686-5672,9178 Morrow Plaza,Philadelphia,PA,19120
5,Gunar,Bilyard,gbilyardc@gmail.com,1(215)849-1137,0284 Northwestern Way,Philadelphia,PA,19178
6,Tony,Kirwan,tkirwang@census.gov,1(215)368-0872,66 Cambridge Parkway,Philadelphia,PA,19178
7,Fern,Snoday,fsnodayh@163.com,1(215)152-6695,96115 Vidon Place,Philadelphia,PA,19178
8,Jolee,Camelin,jcamelinl@wix.com,1(267)781-9089,30 Lerdahl Plaza,Philadelphia,PA,19115
9,Earlie,Digwood,edigwoodm@blogspot.com,1(215)944-2820,38 Hansons Way,Philadelphia,PA,19115
10,Lily,Cornelis,lcornelisn@usatoday.com,1(215)391-9030,17 Columbus Street,Philadelphia,PA,19093
11,Charlton,Corde,ccordeq@gmail.com,1(215)876-6370,319 Stoughton Plaza,Philadelphia,PA,19104
12,Ginnie,Leavesley,gleavesleyr@yahoo.com,1(267)784-5603,0853 Packers Hill,Philadelphia,PA,19109
13,Nickola,Brophy,nbrophy10@gmail.com,1(267)876-2859,2665 Kipling Road,Philadelphia,PA,19104
14,Alia,Houliston,ahouliston14@tamu.edu,1(215)899-5271,96827 Corry Alley,Philadelphia,PA,19104
15,Dean,Dowbekin,ddowbekin16@gmail.com,1(215)645-8463,83039 Shelley Avenue,Philadelphia,PA,19151